52520	10,000 Skill Points
32792	100 Aurum Token
49810	100,000 Skill Points
2833	1000 Aurum Token
91198	1000 PLEX and Rare SKINR Supplies Crate
56305	10000MN Abyssal Afterburner
41236	10000MN Afterburner I
41242	10000MN Afterburner I Blueprint
41239	10000MN Afterburner II
41245	10000MN Afterburner II Blueprint
41238	10000MN Monopropellant Enduring Afterburner
41244	10000MN Monopropellant Enduring Afterburner Blueprint
41237	10000MN Y-S8 Compact Afterburner
41243	10000MN Y-S8 Compact Afterburner Blueprint
55930	100K Bounty SCC Encrypted Bond
29318	100km Capture Point
11343	100mm Crystalline Carbonide Restrained Plates
11345	100mm Reinforced Nanofiber Plates I
11339	100mm Reinforced Titanium Plates I
11341	100mm Rolled Tungsten Compact Plates
11293	100mm Steel Plates I
11294	100mm Steel Plates I Blueprint
20345	100mm Steel Plates II
20346	100mm Steel Plates II Blueprint
47757	100MN Abyssal Afterburner
12066	100MN Afterburner I
12067	100MN Afterburner I Blueprint
12068	100MN Afterburner II
12069	100MN Afterburner II Blueprint
21474	100MN Analog Booster Afterburner
21475	100MN Analog Booster Afterburner Blueprint
5955	100MN Monopropellant Enduring Afterburner
35657	100MN Y-S8 Compact Afterburner
55931	10K Bounty SCC Encrypted Bond
29207	10km Amarr Capture Point
29414	10km Caldari Capture Point
29415	10km Gallente Capture Point
29416	10km Minmatar Capture Point
55932	10M Bounty SCC Encrypted Bond
47753	10MN Abyssal Afterburner
12056	10MN Afterburner I
12057	10MN Afterburner I Blueprint
12058	10MN Afterburner II
12059	10MN Afterburner II Blueprint
21472	10MN Analog Booster Afterburner
21473	10MN Analog Booster Afterburner Blueprint
6005	10MN Monopropellant Enduring Afterburner
22713	10mn webscramblifying Drone
35656	10MN Y-S8 Compact Afterburner
57607	10th Alliance Tournament: Verge of Collapse
19422	10th Tier Overseer's Personal Effects
63311	11,000 Skill Points
48293	111-F1 Station Monument
57608	11th Alliance Tournament: Pandemic Legion
19409	11th Tier Overseer's Personal Effects
63312	12,000 Skill Points
497	1200mm Artillery Cannon I
832	1200mm Artillery Cannon I Blueprint
2865	1200mm Artillery Cannon II
2866	1200mm Artillery Cannon II Blueprint
21559	1200mm Heavy 'Jolt' Artillery I
21560	1200mm Heavy 'Jolt' Artillery I Blueprint
9367	1200mm Heavy 'Scout' Artillery I
9369	1200mm Heavy Carbine Howitzer I
9371	1200mm Heavy Gallium Cannon
9373	1200mm Heavy Prototype Artillery
9377	1200mm Heavy Prototype Siege Cannon
354181	120mm Reinforced Type-A Plates
63825	125,000 Skill Points
10688	125mm 'Scout' Accelerator Cannon
10690	125mm Carbide Railgun I
10692	125mm Compressed Coil Gun I
484	125mm Gatling AutoCannon I
819	125mm Gatling AutoCannon I Blueprint
2873	125mm Gatling AutoCannon II
2874	125mm Gatling AutoCannon II Blueprint
8759	125mm Light 'Scout' Autocannon I
8785	125mm Light Carbine Repeating Cannon I
8787	125mm Light Gallium Machine Gun
8789	125mm Light Prototype Automatic Cannon
10694	125mm Prototype Gauss Gun
10678	125mm Railgun I
10679	125mm Railgun I Blueprint
10680	125mm Railgun II
10681	125mm Railgun II Blueprint
57609	12th Alliance Tournament: The Camel Empire
19410	12th Tier Overseer's Personal Effects
63313	13,000 Skill Points
57610	13th Alliance Tournament: Pandemic Legion
19411	13th Tier Overseer's Personal Effects
63314	14,000 Skill Points
21561	1400mm 'Jolt' Artillery I
21562	1400mm 'Jolt' Artillery I Blueprint
9491	1400mm 'Scout' Artillery I
9493	1400mm Carbine Howitzer I
9495	1400mm Gallium Cannon
498	1400mm Howitzer Artillery I
833	1400mm Howitzer Artillery I Blueprint
2961	1400mm Howitzer Artillery II
2962	1400mm Howitzer Artillery II Blueprint
9497	1400mm Prototype Siege Cannon
57611	14th Alliance Tournament: The Tuskers Co.
19412	14th Tier Overseer's Personal Effects
63315	15,000 Skill Points
54648	150,000 Skill Points
91199	1500 PLEX and Rare SKINR Supplies Crate
20587	150mm 'Musket' Railgun
20588	150mm 'Musket' Railgun Blueprint
7289	150mm 'Scout' Accelerator Cannon
7291	150mm Carbide Railgun I
7293	150mm Compressed Coil Gun I
8815	150mm Light 'Scout' Autocannon I
485	150mm Light AutoCannon I
820	150mm Light AutoCannon I Blueprint
2881	150mm Light AutoCannon II
16032	150mm Light AutoCannon II Blueprint
8817	150mm Light Carbine Repeating Cannon I
8819	150mm Light Gallium Machine Gun
8821	150mm Light Prototype Automatic Cannon
7287	150mm Prototype Gauss Gun
565	150mm Railgun I
1116	150mm Railgun I Blueprint
3074	150mm Railgun II
3075	150mm Railgun II Blueprint
57612	15th Alliance Tournament: VYDRA RELOLDED
19413	15th Tier Overseer's Personal Effects
63316	16,000 Skill Points
11327	1600mm Crystalline Carbonide Restrained Plates
11329	1600mm Reinforced Nanofiber Plates I
11323	1600mm Reinforced Titanium Plates I
11325	1600mm Rolled Tungsten Compact Plates
11279	1600mm Steel Plates I
11280	1600mm Steel Plates I Blueprint
20353	1600mm Steel Plates II
20354	1600mm Steel Plates II Blueprint
48359	16P-PX Outpost Monument
57613	16th Alliance Tournament: VYDRA RELOLDED
19414	16th Tier Overseer's Personal Effects
26124	17 Successful Torture Techniques
63317	17,000 Skill Points
60859	17th Alliance Tournament: HYDRA RELOADED
19415	17th Tier Overseer's Personal Effects
63318	18,000 Skill Points
354183	180mm Reinforced Nanofibre Plates
354184	180mm Reinforced Polycrystalline Plates
354182	180mm Reinforced Steel Plates
354185	180mm Reinforced Type-A Plates
75256	18th Alliance Tournament: TRUTH. HONOUR. LIGHT.
19416	18th Tier Overseer's Personal Effects
63623	19,000 Skill Points
78801	19th Alliance Tournament: Fraternity.
19417	19th Tier Overseer's Personal Effects
48363	1A8-6G Outpost Monument
55933	1M Bounty SCC Encrypted Bond
47749	1MN Abyssal Afterburner
439	1MN Afterburner I
1072	1MN Afterburner I Blueprint
438	1MN Afterburner II
1071	1MN Afterburner II Blueprint
21470	1MN Analog Booster Afterburner
21471	1MN Analog Booster Afterburner Blueprint
21857	1MN Civilian Afterburner
21858	1MN Civilian Afterburner Blueprint
6003	1MN Monopropellant Enduring Afterburner
6001	1MN Y-S8 Compact Afterburner
57598	1st Alliance Tournament: Band of Brothers
19400	1st Tier Overseer's Personal Effects
48320	1V-LI2 Station Monument
72985	1v1 Navy Battlecruisers Proving Filament
5359	1Z-3 Subversive ECM Eruption
54653	2,500 Skill Points
48299	2-RSC7 Station Monument
63624	20,000 Skill Points
91196	200 PLEX and Rare SKINR Supplies Crate
14274	200mm 'Scout' Accelerator Cannon
486	200mm AutoCannon I
821	200mm AutoCannon I Blueprint
2889	200mm AutoCannon II
2890	200mm AutoCannon II Blueprint
14272	200mm Carbide Railgun I
14276	200mm Compressed Coil Gun I
11351	200mm Crystalline Carbonide Restrained Plates
21545	200mm Light 'Jolt' Autocannon I
21546	200mm Light 'Jolt' Autocannon I Blueprint
8863	200mm Light 'Scout' Autocannon I
8865	200mm Light Carbine Repeating Cannon I
8867	200mm Light Gallium Machine Gun
8869	200mm Light Prototype Automatic Cannon
14278	200mm Prototype Gauss Gun
12344	200mm Railgun I
12345	200mm Railgun I Blueprint
12346	200mm Railgun II
12347	200mm Railgun II Blueprint
11353	200mm Reinforced Nanofiber Plates I
11347	200mm Reinforced Titanium Plates I
11349	200mm Rolled Tungsten Compact Plates
11295	200mm Steel Plates I
11296	200mm Steel Plates I Blueprint
20347	200mm Steel Plates II
20348	200mm Steel Plates II Blueprint
351297	20GJ Blaster
355833	20GJ Compressed Blaster
355831	20GJ Compressed Ion Cannon
355829	20GJ Compressed Neutron Blaster
355842	20GJ Compressed Particle Accelerator
355844	20GJ Compressed Particle Cannon
355846	20GJ Compressed Railgun
353775	20GJ Ion Cannon
353774	20GJ Neutron Blaster
353796	20GJ Particle Accelerator
353797	20GJ Particle Cannon
351337	20GJ Railgun
355875	20GJ Regulated Particle Accelerator
355876	20GJ Regulated Particle Cannon
355877	20GJ Regulated Railgun
355871	20GJ Scattered Blaster
355870	20GJ Scattered Ion Cannon
355869	20GJ Scattered Neutron Blaster
355832	20GJ Stabilized Blaster
355830	20GJ Stabilized Ion Cannon
355828	20GJ Stabilized Neutron Blaster
355841	20GJ Stabilized Particle Accelerator
355843	20GJ Stabilized Particle Cannon
355845	20GJ Stabilized Railgun
29310	20km Amarr Capture Point
29418	20km Caldari Capture Point
29419	20km Gallente Capture Point
29420	20km Minmatar Capture Point
86407	20th Alliance Tournament: The Tuskers Co.
19418	20th Tier Overseer's Personal Effects
63319	21,000 Skill Points
91515	21st Alliance Tournament: The Tuskers Co.
19419	21st Tier Overseer's Personal Effects
63320	22,000 Skill Points
9127	220mm Medium 'Scout' Autocannon I
9129	220mm Medium Carbine Repeating Cannon I
9131	220mm Medium Gallium Machine Gun
9133	220mm Medium Prototype Automatic Cannon
490	220mm Vulcan AutoCannon I
825	220mm Vulcan AutoCannon I Blueprint
2897	220mm Vulcan AutoCannon II
2898	220mm Vulcan AutoCannon II Blueprint
19420	22nd Tier Overseer's Personal Effects
63321	23,000 Skill Points
19421	23rd Tier Overseer's Personal Effects
63322	24,000 Skill Points
49756	25,000 Skill Points
43680	250,000 Skill Points
40349	25000mm Crystalline Carbonide Restrained Plates
41609	25000mm Crystalline Carbonide Restrained Plates Blueprint
40350	25000mm Rolled Tungsten Compact Plates
41608	25000mm Rolled Tungsten Compact Plates Blueprint
40348	25000mm Steel Plates I
41607	25000mm Steel Plates I Blueprint
40351	25000mm Steel Plates II
41610	25000mm Steel Plates II Blueprint
20589	250mm 'Flintlock' Railgun
20590	250mm 'Flintlock' Railgun Blueprint
7369	250mm 'Scout' Accelerator Cannon
7371	250mm Carbide Railgun I
7373	250mm Compressed Coil Gun I
21547	250mm Light 'Jolt' Artillery I
21548	250mm Light 'Jolt' Artillery I Blueprint
8903	250mm Light 'Scout' Artillery I
487	250mm Light Artillery Cannon I
822	250mm Light Artillery Cannon I Blueprint
2905	250mm Light Artillery Cannon II
2906	250mm Light Artillery Cannon II Blueprint
8905	250mm Light Carbine Howitzer I
8907	250mm Light Gallium Cannon
8909	250mm Light Prototype Siege Cannon
7367	250mm Prototype Gauss Gun
570	250mm Railgun I
1121	250mm Railgun I Blueprint
3082	250mm Railgun II
3083	250mm Railgun II Blueprint
63323	27,000 Skill Points
63324	28,000 Skill Points
21549	280mm 'Jolt' Artillery I
21550	280mm 'Jolt' Artillery I Blueprint
9411	280mm 'Scout' Artillery I
9413	280mm Carbine Howitzer I
9415	280mm Gallium Cannon
488	280mm Howitzer Artillery I
823	280mm Howitzer Artillery I Blueprint
2977	280mm Howitzer Artillery II
2978	280mm Howitzer Artillery II Blueprint
9417	280mm Prototype Siege Cannon
48322	28Y9-P Station Monument
63325	29,000 Skill Points
57599	2nd Alliance Tournament: Band of Brothers
19401	2nd Tier Overseer's Personal Effects
48302	2O-EEW Station Monument
72984	2v2 Battleships Proving Filament
72981	2v2 Navy Frigates Proving Filament
63726	2v2 T1 Cruisers Proving Filament
29668	30 Day Pilot's License Extension (PLEX)
57003	30,000 Skill Points
44204	300 Aurum Token
47056	300 Billion ISK Contract Copy
29311	30km Amarr Capture Point
29421	30km Caldari Capture Point
29422	30km Gallente Capture Point
79490	30km Large Corporate Capture Point
79489	30km Medium Corporate Capture Point
29423	30km Minmatar Capture Point
79491	30km Open Corporate Capture Point
78800	30km Small Corporate Capture Point
63326	31,000 Skill Points
63327	32,000 Skill Points
63328	33,000 Skill Points
63329	34,000 Skill Points
63330	35,000 Skill Points
14282	350mm 'Scout' Accelerator Cannon
14280	350mm Carbide Railgun I
14284	350mm Compressed Coil Gun I
14286	350mm Prototype Gauss Gun
12354	350mm Railgun I
12355	350mm Railgun I Blueprint
12356	350mm Railgun II
12357	350mm Railgun II Blueprint
48318	3BK-O7 Station Monument
48283	3JN9-Q Station Monument
57600	3rd Alliance Tournament: Band of Brothers
19402	3rd Tier Overseer's Personal Effects
63303	4,000 Skill Points
63304	4,500 Skill Points
56858	4-4 Expansion Parade (Leisure Group) Beacon
56824	4-4 Expansion Parade (PKN Interstellar) Beacon
56825	4-4 Expansion Parade (Quafe) Beacon
56859	4-4 Expansion Parade (Tash-Murkon) Beacon
48335	4-EFLU Station Monument
11311	400mm Crystalline Carbonide Restrained Plates
11313	400mm Reinforced Nanofiber Plates I
11307	400mm Reinforced Titanium Plates I
11309	400mm Rolled Tungsten Compact Plates
11297	400mm Steel Plates I
11298	400mm Steel Plates I Blueprint
20349	400mm Steel Plates II
20350	400mm Steel Plates II Blueprint
29312	40km Capture Point
5871	41F Veiled Targeting Unit
63331	42,000 Skill Points
20591	425mm 'Popper' Railgun
20592	425mm 'Popper' Railgun Blueprint
7449	425mm 'Scout' Accelerator Cannon
491	425mm AutoCannon I
826	425mm AutoCannon I Blueprint
2913	425mm AutoCannon II
2914	425mm AutoCannon II Blueprint
7451	425mm Carbide Railgun I
7453	425mm Compressed Coil Gun I
21551	425mm Medium 'Jolt' Autocannon I
21552	425mm Medium 'Jolt' Autocannon I Blueprint
9135	425mm Medium 'Scout' Autocannon I
9137	425mm Medium Carbine Repeating Cannon I
9139	425mm Medium Gallium Machine Gun
9141	425mm Medium Prototype Automatic Cannon
7447	425mm Prototype Gauss Gun
574	425mm Railgun I
1125	425mm Railgun I Blueprint
3090	425mm Railgun II
3091	425mm Railgun II Blueprint
63332	43,000 Skill Points
63333	44,000 Skill Points
63334	45,000 Skill Points
63335	46,000 Skill Points
63336	47,000 Skill Points
63337	48,000 Skill Points
63338	49,000 Skill Points
57601	4th Alliance Tournament: HUN Reloaded
19403	4th Tier Overseer's Personal Effects
54650	5,000 Skill Points
63305	5,500 Skill Points
48287	5-6QW7 Station Monument
48277	5-N2EY Station Monument
3891	5/10 DED Angel Big Boss
49809	50,000 Skill Points
32793	500 Aurum Token
91197	500 PLEX and Rare SKINR Supplies Crate
52269	500,000 Skill Points
56306	50000MN Abyssal Microwarpdrive
41252	50000MN Cold-Gas Enduring Microwarpdrive
41313	50000MN Cold-Gas Enduring Microwarpdrive Blueprint
41249	50000MN Microwarpdrive I
41256	50000MN Microwarpdrive I Blueprint
41253	50000MN Microwarpdrive II
41261	50000MN Microwarpdrive II Blueprint
41251	50000MN Quad LiF Restrained Microwarpdrive
41258	50000MN Quad LiF Restrained Microwarpdrive Blueprint
41250	50000MN Y-T8 Compact Microwarpdrive
41257	50000MN Y-T8 Compact Microwarpdrive Blueprint
50044	50044_Male_Makeup_Augmentations_Face_Paint_M01_Types_Face_Paint_M01_V5_Purple.png
50049	50049_Female_Makeup_Augmentations_Face_Paint_F01_Types_Face_Paint_F01_V5_Purple.png
47745	500MN Abyssal Microwarpdrive
5945	500MN Cold-Gas Enduring Microwarpdrive
21480	500MN Digital Booster Microwarpdrive
21481	500MN Digital Booster Microwarpdrive Blueprint
12054	500MN Microwarpdrive I
12055	500MN Microwarpdrive I Blueprint
12084	500MN Microwarpdrive II
12085	500MN Microwarpdrive II Blueprint
35662	500MN Quad LiF Restrained Microwarpdrive
35661	500MN Y-T8 Compact Microwarpdrive
29313	50km Capture Point
11335	50mm Reinforced Crystalline Carbonide Plates I
11337	50mm Reinforced Nanofiber Plates I
11333	50mm Reinforced Rolled Tungsten Plates I
11331	50mm Reinforced Titanium Plates I
11291	50mm Steel Plates I
11292	50mm Steel Plates I Blueprint
20343	50mm Steel Plates II
20344	50mm Steel Plates II Blueprint
47408	50MN Abyssal Microwarpdrive
5975	50MN Cold-Gas Enduring Microwarpdrive
21478	50MN Digital Booster Microwarpdrive
21479	50MN Digital Booster Microwarpdrive Blueprint
12052	50MN Microwarpdrive I
12053	50MN Microwarpdrive I Blueprint
12076	50MN Microwarpdrive II
12077	50MN Microwarpdrive II Blueprint
35660	50MN Quad LiF Restrained Microwarpdrive
35659	50MN Y-T8 Compact Microwarpdrive
63339	51,000 Skill Points
63340	52,000 Skill Points
53039	53039_Male_Makeup_BodyAugmentations_BodyAugmentation_M01_Types_BodyAugmentationM01_Blue.png
53043	53043_Male_Makeup_BodyAugmentations_BodyAugmentation_M01_Types_BodyAugmentationM01_YellowDesign.png
53227	53227_Female_Makeup_BodyAugmentations_BodyAugmentation_F01_Types_BodyAugmentationF01_Blue.png
53231	53231_Female_Makeup_BodyAugmentations_BodyAugmentation_F01_Types_BodyAugmentationF01_YellowCamo.png
54384	54384_Male_Feet_ShoesCorpBusinessM01_Types_ShoesCorpBusinessM01_brown.png
54385	54385_Male_Feet_ShoesCorpBusinessM01_Types_ShoesCorpBusinessM01_darkbrown.png
54386	54386_Male_Feet_ShoesCorpBusinessM01_Types_ShoesCorpBusinessM01_white.png
54716	54716_Female_Accessories_Masks_Mask_F_Types_Mask_F_darkblue.png
54718	54718_Male_Accessories_Masks_Mask_M_Types_Mask_M_blue.png
54720	54720_Male_Accessories_Masks_Mask_M_Types_Mask_M_darkblue.png
16531	5a Prototype Shield Support I
47740	5MN Abyssal Microwarpdrive
5971	5MN Cold-Gas Enduring Microwarpdrive
21476	5MN Digital Booster Microwarpdrive
21477	5MN Digital Booster Microwarpdrive Blueprint
434	5MN Microwarpdrive I
1067	5MN Microwarpdrive I Blueprint
440	5MN Microwarpdrive II
1073	5MN Microwarpdrive II Blueprint
35658	5MN Quad LiF Restrained Microwarpdrive
5973	5MN Y-T8 Compact Microwarpdrive
48338	5P-AIP Outpost Monument
57602	5th Alliance Tournament: Ev0ke
19404	5th Tier Overseer's Personal Effects
63306	6,000 Skill Points
63307	6,500 Skill Points
60175	60175_Male_outer_JacketMilM02_Types_JacketMilM02_AIR.png
60176	60176_Female_Outer_JacketSLF_01_Types_JacketSLF_01_air.png
29314	60km Capture Point
354178	60mm Reinforced Type-A Plates
89839	648,000 Skill Points
492	650mm Artillery Cannon I
827	650mm Artillery Cannon I Blueprint
2921	650mm Artillery Cannon II
2922	650mm Artillery Cannon II Blueprint
21553	650mm Medium 'Jolt' Artillery I
21554	650mm Medium 'Jolt' Artillery I Blueprint
9207	650mm Medium 'Scout' Artillery I
9209	650mm Medium Carbine Howitzer I
9211	650mm Medium Gallium Cannon
9213	650mm Medium Prototype Siege Cannon
48303	68FT-6 Station Monument
48324	6OYQ-Z Station Monument
48310	6T3I-L Station Monument
57603	6th Alliance Tournament: Pandemic Legion
19405	6th Tier Overseer's Personal Effects
48349	6VDT-H Outpost Monument
63308	7,000 Skill Points
54654	7,500 Skill Points
29315	70km Capture Point
21555	720mm 'Jolt' Artillery I
21556	720mm 'Jolt' Artillery I Blueprint
9419	720mm 'Probe' Artillery I
9451	720mm 'Scout' Artillery I
9453	720mm Carbine Howitzer I
9421	720mm Cordite Howitzer I
9455	720mm Gallium Cannon
493	720mm Howitzer Artillery I
828	720mm Howitzer Artillery I Blueprint
2969	720mm Howitzer Artillery II
2970	720mm Howitzer Artillery II Blueprint
9457	720mm Prototype Siege Cannon
73395	73395_Male_bottomOuter_PantsCorpBusinessM01_Types_PantsCorpBusinessM01_DarkTurquoise.png
73396	73396_Male_outer_JacketCorpBusinessM01_Types_JacketCorpBusinessM01_DarkTurquoise.png
73407	73407_Female_Outer_JacketMilF02_Types_JacketMilF02_WhiteTurquoise.png
63824	75,000 Skill Points
52270	750,000 Skill Points
7249	75mm 'Scout' Accelerator Cannon
7251	75mm Carbide Railgun I
7253	75mm Compressed Coil Gun I
561	75mm Gatling Rail I
1112	75mm Gatling Rail I Blueprint
3098	75mm Gatling Rail II
3099	75mm Gatling Rail II Blueprint
7247	75mm Prototype Gauss Gun
48356	77S8-E Outpost Monument
57604	7th Alliance Tournament: Pandemic Legion
29030	7th Fleet Data Fragment
29031	7th Fleet Mobile Command Post
19406	7th Tier Overseer's Personal Effects
63309	8,000 Skill Points
11319	800mm Crystalline Carbonide Restrained Plates
21557	800mm Heavy 'Jolt' Repeating Cannon I
21558	800mm Heavy 'Jolt' Repeating Cannon I Blueprint
9327	800mm Heavy 'Scout' Repeating Cannon I
9329	800mm Heavy Carbine Repeating Cannon I
9331	800mm Heavy Gallium Repeating Cannon
9333	800mm Heavy Prototype Automatic Cannon
11321	800mm Reinforced Nanofiber Plates I
11315	800mm Reinforced Titanium Plates I
496	800mm Repeating Cannon I
831	800mm Repeating Cannon I Blueprint
2929	800mm Repeating Cannon II
16029	800mm Repeating Cannon II Blueprint
11317	800mm Rolled Tungsten Compact Plates
11299	800mm Steel Plates I
11300	800mm Steel Plates I Blueprint
20351	800mm Steel Plates II
20352	800mm Steel Plates II Blueprint
351317	80GJ Blaster
355823	80GJ Compressed Blaster
355825	80GJ Compressed Ion Cannon
355827	80GJ Compressed Neutron Blaster
355835	80GJ Compressed Particle Accelerator
355837	80GJ Compressed Particle Cannon
355840	80GJ Compressed Railgun
353773	80GJ Ion Cannon
353772	80GJ Neutron Blaster
351332	80GJ Particle Accelerator
353783	80GJ Particle Cannon
351336	80GJ Railgun
355872	80GJ Regulated Particle Accelerator
355873	80GJ Regulated Particle Cannon
355874	80GJ Regulated Railgun
355868	80GJ Scattered Blaster
355867	80GJ Scattered Ion Cannon
355866	80GJ Scattered Neutron Blaster
355822	80GJ Stabilized Blaster
355824	80GJ Stabilized Ion Cannon
355826	80GJ Stabilized Neutron Blaster
355834	80GJ Stabilized Particle Accelerator
355836	80GJ Stabilized Particle Cannon
355839	80GJ Stabilized Railgun
29316	80km Capture Point
88186	88186_Male_outer_AugmentationSuitM01_Types_AugmentationSuitM01_Black.png
88187	88187_Female_Outer_AugmentationSuitF01_Types_AugmentationSuitF01_Black.png
57605	8th Alliance Tournament: Pandemic Legion
19407	8th Tier Overseer's Personal Effects
63310	9,000 Skill Points
48279	9-4RP2 Station Monument
48361	9-980U Outpost Monument
29317	90km Capture Point
37883	95th Interstellar Mindclash Championship Tickets
48273	995-3G Station Monument
48317	9CG6-H Station Monument
17991	9D Logic Keycard
353146	9K330 Forge Gun
57606	9th Alliance Tournament: HYDRA RELOADED
19408	9th Tier Overseer's Personal Effects